,count,mean,std,min,25%,50%,75%,max
pregnancies,768.0,3.8450520833333335,3.3695780626988694,0.0,1.0,3.0,6.0,17.0
glucose,763.0,121.6867627785059,30.53564107280403,44.0,99.0,117.0,141.0,199.0
blood_pressure,733.0,72.40518417462484,12.38215821010526,24.0,64.0,72.0,80.0,122.0
skin_thickness,541.0,29.153419593345657,10.476982369987208,7.0,22.0,29.0,36.0,99.0
insulin,394.0,155.5482233502538,118.77585518724518,14.0,76.25,125.0,190.0,846.0
bmi,757.0,32.457463672391015,6.924988332105903,18.2,27.5,32.3,36.6,67.1
diabetes_pedigree,768.0,0.47187630208333325,0.3313285950127749,0.078,0.24375,0.3725,0.62625,2.42
age,768.0,33.240885416666664,11.760231540678685,21.0,24.0,29.0,41.0,81.0
target,768.0,0.3489583333333333,0.47695137724279896,0.0,0.0,0.0,1.0,1.0
